วิทยาการคอมพิวเตอร์,D14,วิทยาศาสตร์
เคมี,D02,วิทยาศาสตร์
ฟิสิกส์,D07,วิทยาศาสตร์
วิศวกรรมคอมพิวเตอร์,E09,วิศวกรรมศาสตร์
วิศวกรรมเครื่องกล,E03,วิศวกรรมศาสตร์
วิศวกรรมไฟฟ้า,E05,วิศวกรรมศาสตร์
ภาษาฝรั่งเศส,L30,มนุษยศาสตร์
วรรรณคดี,L50,มนุษยศาสตร์
ดนตรีไทย,L72,มนุษยศาสตร์
