data/pdf-file-list/15-11-2024_20-50-10_6710450001.pdf,,01/07/2024 20:01:01,02/07/2024 08:01:01,04/07/2024 09:01:01,05/07/2024 14:50:10
data/pdf-file-list/15-11-2024_21-00-52_6510450001.pdf,,09/08/2024 20:01:01,10/08/2024 13:00:52,04/07/2024 09:01:01,05/07/2024 10:01:01
data/pdf-file-list/15-11-2024_21-03-06_6410450001.pdf,,15/10/2024 21:03:06,02/07/2024 08:01:01,04/07/2024 09:01:01,05/07/2024 10:01:01
data/pdf-file-list/15-11-2024_21-05-12_6710450002.pdf,,09/07/2024 20:01:01,10/07/2024 08:01:01,12/07/2024 09:01:01,13/07/2024 09:05:12
data/pdf-file-list/15-11-2024_21-07-31_6610450002.pdf,,30/06/2024 20:01:01,01/07/2024 08:01:01,03/07/2024 09:01:01,04/07/2024 11:07:31
data/pdf-file-list/15-11-2024_21-11-05_6510450002.pdf,ให้นิสิตแจ้งเหตุผลใหม่,30/06/2024 20:01:01,01/07/2024 08:01:01,03/07/2024 09:01:01,05/07/2024 15:11:05
data/pdf-file-list/15-11-2024_21-12-44_6410450002.pdf,,15/10/2024 22:12:44,02/07/2024 08:01:01,04/07/2024 09:01:01,05/07/2024 10:01:01
data/pdf-file-list/15-11-2024_21-31-54_6710450003.pdf,ไม่ได้แนบใบ ku3,30/06/2024 20:01:01,01/07/2024 13:21:57,04/07/2024 09:01:01,05/07/2024 10:01:01
data/pdf-file-list/15-11-2024_21-47-21_6610450003.pdf,,01/07/2024 20:01:01,01/07/2024 08:01:01,03/07/2024 09:01:01,04/07/2024 10:47:21
data/pdf-file-list/15-11-2024_21-49-17_6510450003.pdf,,01/07/2024 20:01:01,02/07/2024 12:49:17,04/07/2024 09:01:01,05/07/2024 10:01:01
data/pdf-file-list/15-11-2024_21-50-46_6410450003.pdf,,01/07/2024 20:01:01,02/07/2024 12:49:17,04/07/2024 09:01:01,05/07/2024 10:50:46
data/pdf-file-list/15-11-2024_21-52-20_6710450004.pdf,,01/07/2024 20:01:01,02/07/2024 12:49:17,04/07/2024 09:01:01,05/07/2024 10:52:20
data/pdf-file-list/15-11-2024_21-53-58_6610450004.pdf,,01/07/2024 20:01:01,02/07/2024 12:49:17,04/07/2024 09:01:01,05/07/2024 10:53:58
data/pdf-file-list/15-11-2024_21-55-06_6510450004.pdf,,01/07/2024 20:01:01,02/07/2024 12:49:17,04/07/2024 09:01:01,05/07/2024 10:55:06
data/pdf-file-list/15-11-2024_21-56-10_6410450004.pdf,,15/10/2024 21:56:10,02/07/2024 12:49:17,04/07/2024 09:01:01,05/07/2024 10:01:01
data/pdf-file-list/15-11-2024_21-57-50_6710450005.pdf,นิสิตไม่ได้แนบ ku3,07/07/2024 20:01:01,08/07/2024 12:49:17,10/07/2024 09:57:50,05/07/2024 10:01:01
data/pdf-file-list/15-11-2024_21-59-16_6610450005.pdf,,07/07/2024 20:01:01,08/07/2024 12:49:17,10/07/2024 09:01:01,11/07/2024 10:59:16
data/pdf-file-list/15-11-2024_22-06-28_6510450005.pdf,,07/10/2024 20:01:01,08/10/2024 12:49:17,10/10/2024 09:01:01,05/07/2024 11:06:28
data/pdf-file-list/15-11-2024_22-08-51_6610450001.pdf,,09/07/2024 20:01:01,10/07/2024 12:49:17,12/07/2024 12:08:51,05/07/2024 12:08:51
data/pdf-file-list/15-11-2024_22-10-41_6410450005.pdf,,07/10/2024 20:01:01,08/10/2024 13:10:41,04/07/2024 09:01:01,05/07/2024 10:01:01
data/pdf-file-list/15-11-2024_22-12-11_6710450006.pdf,,30/06/2024 20:01:01,01/07/2024 13:10:41,03/07/2024 09:01:01,05/07/2024 13:12:11
data/pdf-file-list/15-11-2024_22-13-33_6610450006.pdf,ให้นิสิตแจ้งเหตุผลใหม่,30/06/2024 20:01:01,01/07/2024 13:10:41,03/07/2024 09:01:01,05/07/2024 13:13:33
data/pdf-file-list/15-11-2024_22-16-01_6510450006.pdf,,15/10/2024 14:16:01,08/10/2024 13:10:41,04/07/2024 09:01:01,05/07/2024 10:01:01
data/pdf-file-list/15-11-2024_22-17-18_6410450006.pdf,นิสิตไม่ได้แนบเอกสาร,09/09/2024 20:01:01,10/09/2024 13:10:41,12/09/2024 15:17:18,05/07/2024 10:01:01
data/pdf-file-list/15-11-2024_22-22-46_6710450007.pdf,,30/06/2024 20:01:01,01/07/2024 13:10:41,03/07/2024 09:01:01,05/07/2024 13:22:46
data/pdf-file-list/15-11-2024_22-23-42_6610450007.pdf,,29/07/2024 20:01:01,30/07/2024 13:10:41,01/08/2024 16:23:42,05/07/2024 10:01:01
data/pdf-file-list/15-11-2024_22-25-08_6510450007.pdf,,01/07/2024 20:01:01,02/07/2024 13:10:41,04/07/2024 09:01:01,05/07/2024 13:25:08
data/pdf-file-list/15-11-2024_22-27-38_6410450007.pdf,,19/08/2024 20:01:01,20/08/2024 13:10:41,22/08/2024 10:27:38,05/07/2024 10:01:01
data/pdf-file-list/15-11-2024_22-29-27_6710450008.pdf,,07/07/2024 20:01:01,08/07/2024 13:10:41,10/07/2024 09:01:01,11/07/2024 08:29:27
data/pdf-file-list/15-11-2024_22-30-47_6610450008.pdf,,29/06/2024 20:01:01,01/07/2024 13:10:41,03/07/2024 09:01:01,04/07/2024 09:30:47
data/pdf-file-list/15-11-2024_22-33-17_6510450008.pdf,ให้นิสิตแจ้งเหตุผลใหม่,01/07/2024 20:01:01,02/07/2024 08:01:01,04/07/2024 09:01:01,05/07/2024 17:33:17
data/pdf-file-list/15-11-2024_22-35-25_6410450008.pdf,,30/06/2024 20:01:01,01/07/2024 08:01:01,03/07/2024 09:01:01,04/07/2024 16:35:25
data/pdf-file-list/15-11-2024_22-36-50_6710450009.pdf,,29/08/2024 20:01:01,30/08/2024 08:01:01,01/09/2024 15:36:50,05/07/2024 10:01:01
data/pdf-file-list/15-11-2024_22-38-27_6610450009.pdf,,15/10/2024 14:38:27,02/07/2024 08:01:01,04/07/2024 09:01:01,05/07/2024 10:01:01
data/pdf-file-list/15-11-2024_22-39-38_6510450009.pdf,,19/07/2024 20:01:01,20/07/2024 08:01:01,22/07/2024 13:39:38,05/07/2024 10:01:01
data/pdf-file-list/15-11-2024_22-43-14_6410450009.pdf,ให้นิสิตแจ้งเหตุลใหม่,07/07/2024 20:01:01,08/07/2024 08:01:01,10/07/2024 12:43:14,05/07/2024 10:01:01
data/pdf-file-list/15-11-2024_22-45-06_6710450010.pdf,,09/10/2024 20:01:01,10/10/2024 11:45:06,04/07/2024 09:01:01,05/07/2024 10:01:01
data/pdf-file-list/15-11-2024_22-46-30_6610450010.pdf,,18/09/2024 20:01:01,20/09/2024 08:01:01,22/09/2024 10:46:30,05/07/2024 10:01:01
data/pdf-file-list/15-11-2024_22-48-03_6510450010.pdf,,19/09/2024 20:01:01,20/09/2024 08:01:01,22/09/2024 09:48:03,05/07/2024 10:01:01
data/pdf-file-list/15-11-2024_22-49-00_6410450010.pdf,,19/08/2024 20:01:01,20/08/2024 08:01:01,22/08/2024 08:49:00,05/07/2024 17:33:17
data/pdf-file-list/15-11-2024_22-50-23_6710450011.pdf,,29/06/2024 20:01:01,01/07/2024 08:01:01,03/07/2024 09:01:01,04/07/2024 07:50:23
data/pdf-file-list/15-11-2024_22-51-33_6610450011.pdf,,15/10/2024 15:51:33,02/07/2024 08:01:01,04/07/2024 09:01:01,05/07/2024 10:01:01
data/pdf-file-list/15-11-2024_22-52-28_6510450011.pdf,,29/06/2024 20:01:01,01/07/2024 08:01:01,03/07/2024 09:01:01,04/07/2024 16:52:28
data/pdf-file-list/15-11-2024_22-53-24_6410450011.pdf,,19/09/2024 20:01:01,20/09/2024 08:01:01,22/09/2024 09:48:03,05/07/2024 17:53:24
data/pdf-file-list/15-11-2024_22-54-31_6710450012.pdf,,07/07/2024 20:01:01,08/07/2024 08:01:01,10/07/2024 09:01:01,11/07/2024 14:54:31
data/pdf-file-list/15-11-2024_22-56-03_6610450012.pdf,,15/10/2024 13:56:03,02/07/2024 08:01:01,04/07/2024 09:01:01,05/07/2024 10:01:01
data/pdf-file-list/15-11-2024_22-56-53_6510450012.pdf,,29/06/2024 20:01:01,01/07/2024 08:01:01,03/07/2024 09:01:01,04/07/2024 12:56:53
data/pdf-file-list/15-11-2024_22-57-48_6410450012.pdf,,06/07/2024 20:01:01,07/07/2024 08:01:01,09/07/2024 09:01:01,10/07/2024 11:57:48
data/pdf-file-list/15-11-2024_22-58-25_6710450013.pdf,,01/07/2024 20:01:01,02/07/2024 08:01:01,04/07/2024 09:01:01,05/07/2024 10:58:25
data/pdf-file-list/15-11-2024_22-59-03_6610450013.pdf,,29/09/2024 20:01:01,30/09/2024 08:01:01,01/10/2024 09:59:03,05/07/2024 10:01:01
data/pdf-file-list/16-10-2024_18-19-31_6410450012.pdf,,09/10/2024 20:01:01,10/10/2024 08:01:01,12/10/2024 09:19:31,05/07/2024 14:50:10
data/pdf-file-list/16-10-2024_18-20-38_6710450013.pdf,,09/10/2024 20:01:01,10/10/2024 08:01:01,12/10/2024 08:20:38,05/07/2024 14:50:10
data/pdf-file-list/16-11-2024_18-05-53_6710450001.pdf,,14/10/2024 17:05:53,02/07/2024 08:01:01,04/07/2024 09:01:01,05/07/2024 14:50:10
data/pdf-file-list/16-11-2024_18-06-46_6610450001.pdf,,12/10/2024 16:06:46,02/07/2024 08:01:01,04/07/2024 09:01:01,05/07/2024 14:50:10
data/pdf-file-list/16-11-2024_18-07-30_6510450001.pdf,,11/10/2024 15:07:30,02/07/2024 08:01:01,04/07/2024 09:01:01,05/07/2024 14:50:10
data/pdf-file-list/16-11-2024_18-08-32_6510450002.pdf,,08/10/2024 20:01:01,09/10/2024 14:08:32,04/07/2024 09:01:01,05/07/2024 14:50:10
data/pdf-file-list/16-11-2024_18-09-33_6510450002.pdf,,10/10/2024 20:01:01,11/10/2024 13:09:33,04/07/2024 09:01:01,05/07/2024 14:50:10
data/pdf-file-list/16-11-2024_18-11-07_6410450002.pdf,,09/10/2024 20:01:01,10/10/2024 12:11:07,04/07/2024 09:01:01,05/07/2024 14:50:10
data/pdf-file-list/16-11-2024_18-17-23_6710450009.pdf,,09/10/2024 20:01:01,10/10/2024 12:11:07,12/10/2024 11:17:23,05/07/2024 14:50:10
data/pdf-file-list/16-11-2024_18-18-25_6510450011.pdf,,09/10/2024 20:01:01,10/10/2024 12:11:07,12/10/2024 10:18:25,05/07/2024 14:50:10